[{"model": "lab.institution", "pk": 1, "fields": {"name": "Ege Do\u011fumevi", "code": "egd", "type": 10, "phone": "", "cellular": "", "address": "", "timestamp": "2016-09-23T20:55:09.065Z", "updated_at": "2016-09-23T20:55:09.065Z"}}, {"model": "lab.patient", "pk": 1, "fields": {"tcno": "10642736380", "name": "Evren Esat", "newborn": false, "surname": "\u00d6zkan", "sex": 2, "timestamp": "2016-09-23T20:54:45.179Z", "updated_at": "2016-09-23T20:54:45.179Z", "relation": 1, "birthdate": "2016-09-28"}}, {"model": "lab.admission", "pk": 1, "fields": {"patient": 1, "institution": 1, "doctor": null, "indications": "", "history": "", "week": "20", "upd_week": "", "lmp_date": null, "timestamp": "2016-09-23T20:56:05.772Z", "updated_at": "2016-09-23T20:56:05.772Z"}}, {"model": "lab.mediumtype", "pk": 1, "fields": {"name": "Transport Medium", "code": ""}}, {"model": "lab.mediumtype", "pk": 2, "fields": {"name": "Ye\u015fil Kapakl\u0131 T\u00fcp", "code": ""}}, {"model": "lab.mediumtype", "pk": 3, "fields": {"name": "Transport", "code": ""}}, {"model": "lab.mediumtype", "pk": 4, "fields": {"name": "Greiner T\u00fcp", "code": ""}}, {"model": "lab.mediumtype", "pk": 5, "fields": {"name": "Enjekt\u00f6r", "code": ""}}, {"model": "lab.mediumtype", "pk": 6, "fields": {"name": "Ye\u015fil Kapakli T\u00fcp", "code": ""}}, {"model": "lab.mediumtype", "pk": 7, "fields": {"name": "Mor Kapal\u0131 T\u00fcp", "code": ""}}, {"model": "lab.mediumtype", "pk": 8, "fields": {"name": "Mor Kapakl\u0131 T\u00fcp", "code": ""}}, {"model": "lab.mediumtype", "pk": 9, "fields": {"name": "Steril Kap", "code": ""}}, {"model": "lab.mediumtype", "pk": 10, "fields": {"name": "\u00d6zel T\u00fcp", "code": ""}}, {"model": "lab.sampletype", "pk": 1, "fields": {"name": "Koryon Vill\u00fcs", "code": "", "amount": "20-30 mg", "medium": [1]}}, {"model": "lab.sampletype", "pk": 2, "fields": {"name": "Kemik Ili\u011fi", "code": "", "amount": "1-2 ml", "medium": [2]}}, {"model": "lab.sampletype", "pk": 3, "fields": {"name": "Biyopsi", "code": "", "amount": "X X", "medium": [3]}}, {"model": "lab.sampletype", "pk": 4, "fields": {"name": "Kan", "code": "", "amount": "1-5 ml", "medium": [2]}}, {"model": "lab.sampletype", "pk": 5, "fields": {"name": "Amnion S\u0131v\u0131s\u0131", "code": "", "amount": "20 ml", "medium": [4, 5]}}, {"model": "lab.sampletype", "pk": 6, "fields": {"name": "Periferik Kan", "code": "", "amount": "2-5 ml", "medium": [6, 7, 8, 2]}}, {"model": "lab.sampletype", "pk": 7, "fields": {"name": "Fetal Doku", "code": "", "amount": "1  cm\u00b3", "medium": [1]}}, {"model": "lab.sampletype", "pk": 8, "fields": {"name": "Abort Materyali", "code": "", "amount": "20 ml", "medium": [9, 1]}}, {"model": "lab.sampletype", "pk": 9, "fields": {"name": "Kordon Kan\u0131", "code": "", "amount": "2-5 ml", "medium": [8, 2]}}, {"model": "lab.sampletype", "pk": 10, "fields": {"name": "Servikal S\u00fcr\u00fcnt\u00fc", "code": "", "amount": "X X", "medium": [3]}}, {"model": "lab.sampletype", "pk": 11, "fields": {"name": "Kemi\u0307kl \u0130li\u0307\u011fi\u0307", "code": "", "amount": "1-5 ml", "medium": [2]}}, {"model": "lab.sampletype", "pk": 12, "fields": {"name": "Maternal Kan", "code": "", "amount": "10-12 ml", "medium": [10]}}, {"model": "lab.sampletype", "pk": 13, "fields": {"name": "Cilt Biyopsi", "code": "", "amount": "1  cm\u00b3", "medium": [1]}}, {"model": "lab.method", "pk": 1, "fields": {"name": "K\u00fclt\u00fcr,Karyoti\u0307p", "code": null}}, {"model": "lab.method", "pk": 2, "fields": {"name": "Pcr", "code": null}}, {"model": "lab.method", "pk": 3, "fields": {"name": "Fish", "code": null}}, {"model": "lab.method", "pk": 4, "fields": {"name": "Rt Pcr", "code": null}}, {"model": "lab.method", "pk": 5, "fields": {"name": "Di\u0307zi\u0307", "code": null}}, {"model": "lab.method", "pk": 6, "fields": {"name": "Fragman", "code": null}}, {"model": "lab.method", "pk": 7, "fields": {"name": "Stri\u0307p ", "code": null}}, {"model": "lab.method", "pk": 8, "fields": {"name": "Mlph", "code": null}}, {"model": "lab.method", "pk": 9, "fields": {"name": "", "code": null}}, {"model": "lab.method", "pk": 10, "fields": {"name": "Tekrar Di\u0307zi\u0307", "code": null}}, {"model": "lab.method", "pk": 11, "fields": {"name": "Delesyon Analizi", "code": null}}, {"model": "lab.method", "pk": 12, "fields": {"name": "Dizi Analizi", "code": null}}, {"model": "lab.method", "pk": 13, "fields": {"name": "Array", "code": null}}, {"model": "lab.method", "pk": 14, "fields": {"name": "Ngs", "code": null}}, {"model": "lab.category", "pk": 1, "fields": {"name": "K\u00fclt\u00fcr,Karyoti\u0307p", "code": null}}, {"model": "lab.category", "pk": 2, "fields": {"name": "Pcr", "code": null}}, {"model": "lab.category", "pk": 3, "fields": {"name": "Fish", "code": null}}, {"model": "lab.category", "pk": 4, "fields": {"name": "Rt Pcr", "code": null}}, {"model": "lab.category", "pk": 5, "fields": {"name": "Di\u0307zi\u0307", "code": null}}, {"model": "lab.category", "pk": 6, "fields": {"name": "Fragman", "code": null}}, {"model": "lab.category", "pk": 7, "fields": {"name": "Stri\u0307p ", "code": null}}, {"model": "lab.category", "pk": 8, "fields": {"name": "Mlph", "code": null}}, {"model": "lab.category", "pk": 9, "fields": {"name": "", "code": null}}, {"model": "lab.category", "pk": 10, "fields": {"name": "Tekrar Di\u0307zi\u0307", "code": null}}, {"model": "lab.category", "pk": 11, "fields": {"name": "Delesyon Analizi", "code": null}}, {"model": "lab.category", "pk": 12, "fields": {"name": "Dizi Analizi", "code": null}}, {"model": "lab.category", "pk": 13, "fields": {"name": "Array", "code": null}}, {"model": "lab.category", "pk": 14, "fields": {"name": "Ngs", "code": null}}, {"model": "lab.analysetype", "pk": 1, "fields": {"category": 3, "method": 3, "name": "del(5q) EGR1 FISH", "code": null, "price": "350.00", "process_time": 15, "sample_type": [4, 11]}}, {"model": "lab.analysetype", "pk": 2, "fields": {"category": 12, "method": 12, "name": "i\u015fitme kayb\u0131( connexin 26)", "code": null, "price": "500.00", "process_time": 30, "sample_type": [6]}}, {"model": "lab.analysetype", "pk": 3, "fields": {"category": 5, "method": 5, "name": "BETA TALESEM\u0130 D\u0130Z\u0130", "code": null, "price": "440.00", "process_time": 30, "sample_type": [6]}}, {"model": "lab.analysetype", "pk": 4, "fields": {"category": 1, "method": 1, "name": "C\u0130LT B\u0130YOPS\u0130 \u00d6RNE\u011e\u0130NDEN KROMOZOM", "code": null, "price": "350.00", "process_time": 30, "sample_type": [13]}}, {"model": "lab.analysetype", "pk": 5, "fields": {"category": 1, "method": 1, "name": "FETAL KANDAN KROMOZOM", "code": null, "price": "300.00", "process_time": 10, "sample_type": [9]}}, {"model": "lab.analysetype", "pk": 6, "fields": {"category": 3, "method": 3, "name": "del(11q22.3) ATM GEN\u0130 FISH", "code": null, "price": "350.00", "process_time": 15, "sample_type": [4, 11]}}, {"model": "lab.analysetype", "pk": 7, "fields": {"category": 3, "method": 3, "name": "MYC rearrangement [t(8;14)it(8;22),t(2;8)]", "code": null, "price": "350.00", "process_time": 15, "sample_type": [4, 11]}}, {"model": "lab.analysetype", "pk": 8, "fields": {"category": 12, "method": 12, "name": "ALFA-1 Antitiripsin musasyon analizi", "code": null, "price": "195.00", "process_time": 30, "sample_type": [6]}}, {"model": "lab.analysetype", "pk": 9, "fields": {"category": 3, "method": 3, "name": "Trizomi/monozomi 12 FISH", "code": null, "price": "350.00", "process_time": 15, "sample_type": [4, 11]}}, {"model": "lab.analysetype", "pk": 10, "fields": {"category": 1, "method": 1, "name": "CVS MATERYAL\u0130NDEN KROMOZOM", "code": null, "price": "350.00", "process_time": 21, "sample_type": [1]}}, {"model": "lab.analysetype", "pk": 11, "fields": {"category": 3, "method": 3, "name": "t(15;17) PML/RARa FISH", "code": null, "price": "350.00", "process_time": 15, "sample_type": [4, 11]}}, {"model": "lab.analysetype", "pk": 12, "fields": {"category": 9, "method": 9, "name": "(Fakt\u00f6r V Lieden,Fakt\u00f6rV HR2,Fakt\u00f6r2,Fakt\u00f6r XIII,", "code": null, "price": "0.00", "process_time": 0, "sample_type": []}}, {"model": "lab.analysetype", "pk": 13, "fields": {"category": 1, "method": 1, "name": "KEM\u0130K \u0130L\u0130\u011e\u0130NDEN KROMOZOM", "code": null, "price": "350.00", "process_time": 21, "sample_type": [2]}}, {"model": "lab.analysetype", "pk": 14, "fields": {"category": 3, "method": 3, "name": "t(11;14) IGH/CCND1 (BCL1) FISH", "code": null, "price": "350.00", "process_time": 15, "sample_type": [4, 11]}}, {"model": "lab.analysetype", "pk": 15, "fields": {"category": 8, "method": 8, "name": "SP\u0130NAL MUSK\u00dcLER ATROF\u0130-SMN1 Delesyon analizi", "code": null, "price": "440.00", "process_time": 20, "sample_type": [5, 1, 6]}}, {"model": "lab.analysetype", "pk": 16, "fields": {"category": 3, "method": 3, "name": "FIP1L1/CHIC2/PD RA FISH", "code": null, "price": "350.00", "process_time": 15, "sample_type": [4, 11]}}, {"model": "lab.analysetype", "pk": 17, "fields": {"category": 7, "method": 7, "name": "A\u0130LESEL AKDEN\u0130Z ATE\u015e\u0130(FMF) SIK G\u00d6R\u00dcLEN MUTASYON", "code": null, "price": "330.00", "process_time": 30, "sample_type": [6]}}, {"model": "lab.analysetype", "pk": 18, "fields": {"category": 3, "method": 3, "name": "Williams-Beuren Sendromu ", "code": null, "price": "350.00", "process_time": 15, "sample_type": [6]}}, {"model": "lab.analysetype", "pk": 19, "fields": {"category": 2, "method": 2, "name": "QF-PCR ile AN\u00d6PLO\u0130D\u0130 TARAMASI", "code": null, "price": "0.00", "process_time": 0, "sample_type": [5, 8, 1, 9, 6]}}, {"model": "lab.analysetype", "pk": 20, "fields": {"category": 5, "method": 5, "name": "RETT SENDROMU-MECP2 ", "code": null, "price": "600.00", "process_time": 30, "sample_type": [6]}}, {"model": "lab.analysetype", "pk": 21, "fields": {"category": 6, "method": 6, "name": "K\u0130ST\u0130K F\u0130BROS\u0130S SIK G\u00d6R\u00dcLEN MUTASYON", "code": null, "price": "600.00", "process_time": 20, "sample_type": [6]}}, {"model": "lab.analysetype", "pk": 22, "fields": {"category": 3, "method": 3, "name": "t(4;11) MLL geni (11q23) FISH", "code": null, "price": "350.00", "process_time": 15, "sample_type": [4, 11]}}, {"model": "lab.analysetype", "pk": 23, "fields": {"category": 3, "method": 3, "name": "t(12;21) TEL/AML1 FISH", "code": null, "price": "350.00", "process_time": 15, "sample_type": [4, 11]}}, {"model": "lab.analysetype", "pk": 24, "fields": {"category": 3, "method": 3, "name": "Wolf Hirschhorn Sendromu ", "code": null, "price": "350.00", "process_time": 15, "sample_type": [6]}}, {"model": "lab.analysetype", "pk": 25, "fields": {"category": 3, "method": 3, "name": "t(14;18) IGH/BCL2 FISH", "code": null, "price": "350.00", "process_time": 15, "sample_type": [4, 11]}}, {"model": "lab.analysetype", "pk": 26, "fields": {"category": 1, "method": 1, "name": "D\u00dc\u015e\u00dcK MATERYAL\u0130NDEN KROMOZOM", "code": null, "price": "350.00", "process_time": 30, "sample_type": [7]}}, {"model": "lab.analysetype", "pk": 27, "fields": {"category": 4, "method": 4, "name": "FAKT\u00d6R V HR2 MUTASYONU", "code": null, "price": "120.00", "process_time": 15, "sample_type": [6]}}, {"model": "lab.analysetype", "pk": 28, "fields": {"category": 3, "method": 3, "name": "del(6q23.3) MYB FISH", "code": null, "price": "350.00", "process_time": 15, "sample_type": [4, 11]}}, {"model": "lab.analysetype", "pk": 29, "fields": {"category": 13, "method": 13, "name": "CGH ARRAY ", "code": null, "price": "0.00", "process_time": 15, "sample_type": [5, 8, 1, 9, 6]}}, {"model": "lab.analysetype", "pk": 30, "fields": {"category": 3, "method": 3, "name": "KROMOZOM X,Y FISH", "code": null, "price": "350.00", "process_time": 15, "sample_type": [6]}}, {"model": "lab.analysetype", "pk": 31, "fields": {"category": 9, "method": 9, "name": "ACE,Apo B,Apo E)", "code": null, "price": "0.00", "process_time": 0, "sample_type": []}}, {"model": "lab.analysetype", "pk": 32, "fields": {"category": 1, "method": 1, "name": "AMN\u0130ON SIVISINDAN KROMOZOM", "code": null, "price": "350.00", "process_time": 21, "sample_type": [5]}}, {"model": "lab.analysetype", "pk": 33, "fields": {"category": 3, "method": 3, "name": "D\u0130 GEORGE /VCF SENDROMU FISH", "code": null, "price": "0.00", "process_time": 15, "sample_type": [5, 8, 1, 9, 6]}}, {"model": "lab.analysetype", "pk": 34, "fields": {"category": 3, "method": 3, "name": "FISH \u0130LE AN\u00d6PLO\u0130D\u0130 TARAMASI", "code": null, "price": "0.00", "process_time": 0, "sample_type": [5, 8, 1, 9, 6]}}, {"model": "lab.analysetype", "pk": 35, "fields": {"category": 14, "method": 14, "name": "NIPT-ANNE KANINDAN13,18,21,X,Y KROM.TARAMA  TEST\u0130", "code": null, "price": "2050.00", "process_time": 10, "sample_type": [12]}}, {"model": "lab.analysetype", "pk": 36, "fields": {"category": 3, "method": 3, "name": "t(8;21) AML1/ETO FISH", "code": null, "price": "350.00", "process_time": 15, "sample_type": [4, 11]}}, {"model": "lab.analysetype", "pk": 37, "fields": {"category": 1, "method": 1, "name": "PER\u0130FER\u0130K KANDAN KROMOZOM", "code": null, "price": "175.00", "process_time": 18, "sample_type": [6]}}, {"model": "lab.analysetype", "pk": 38, "fields": {"category": 3, "method": 3, "name": "del(9p21) P16 FISH", "code": null, "price": "350.00", "process_time": 15, "sample_type": [4, 11]}}, {"model": "lab.analysetype", "pk": 39, "fields": {"category": 3, "method": 3, "name": "SRY FISH", "code": null, "price": "0.00", "process_time": 15, "sample_type": [5, 8, 1, 9, 6]}}, {"model": "lab.analysetype", "pk": 40, "fields": {"category": 4, "method": 4, "name": "MTHFR  (C677T)MUTASYONU", "code": null, "price": "120.00", "process_time": 15, "sample_type": [6]}}, {"model": "lab.analysetype", "pk": 41, "fields": {"category": 4, "method": 4, "name": "FAKT\u00d6R 2 MUTASYONU", "code": null, "price": "120.00", "process_time": 15, "sample_type": [6]}}, {"model": "lab.analysetype", "pk": 42, "fields": {"category": 3, "method": 3, "name": "del(13q14.3) FISH", "code": null, "price": "350.00", "process_time": 15, "sample_type": [4, 11]}}, {"model": "lab.analysetype", "pk": 43, "fields": {"category": 4, "method": 4, "name": "Y KROMOZOM M\u0130KRODELESYON", "code": null, "price": "350.00", "process_time": 15, "sample_type": [6]}}, {"model": "lab.analysetype", "pk": 44, "fields": {"category": 3, "method": 3, "name": "del(17p13.1) TP53 FISH", "code": null, "price": "350.00", "process_time": 15, "sample_type": [4, 11]}}, {"model": "lab.analysetype", "pk": 45, "fields": {"category": 5, "method": 5, "name": "K\u0130ST\u0130K F\u0130BROS\u0130S T\u00dcM GEN D\u0130Z\u0130", "code": null, "price": "1500.00", "process_time": 45, "sample_type": [6]}}, {"model": "lab.analysetype", "pk": 46, "fields": {"category": 3, "method": 3, "name": "del(7q) FISH", "code": null, "price": "350.00", "process_time": 15, "sample_type": [4, 11]}}, {"model": "lab.analysetype", "pk": 47, "fields": {"category": 4, "method": 4, "name": "FAKT\u00d6R V LE\u0130DEN MUTASYONU", "code": null, "price": "120.00", "process_time": 15, "sample_type": [6]}}, {"model": "lab.analysetype", "pk": 48, "fields": {"category": 9, "method": 9, "name": "KARD\u0130OVASK\u00dcLER R\u0130SK PANEL\u0130", "code": null, "price": "0.00", "process_time": 0, "sample_type": []}}, {"model": "lab.analysetype", "pk": 49, "fields": {"category": 4, "method": 4, "name": "PAI POL\u0130MORF\u0130ZM", "code": null, "price": "120.00", "process_time": 15, "sample_type": [6]}}, {"model": "lab.analysetype", "pk": 50, "fields": {"category": 3, "method": 3, "name": "SM\u0130TH-MAGEN\u0130S/M\u0130LLER-D\u0130EKER/ILS COMB\u0130NAT\u0130ON", "code": null, "price": "350.00", "process_time": 15, "sample_type": [6]}}, {"model": "lab.analysetype", "pk": 51, "fields": {"category": 11, "method": 11, "name": "DUCHENNE/BECKER M\u00dcSK\u00dcLER D\u0130STROF\u0130", "code": null, "price": "430.00", "process_time": 30, "sample_type": [6]}}, {"model": "lab.analysetype", "pk": 52, "fields": {"category": 3, "method": 3, "name": "del(20q) MYBL2 FISH", "code": null, "price": "350.00", "process_time": 15, "sample_type": [4, 11]}}, {"model": "lab.analysetype", "pk": 53, "fields": {"category": 10, "method": 10, "name": "FRAJ\u0130L X FMR1 GEN\u0130 ", "code": null, "price": "900.00", "process_time": 30, "sample_type": [6]}}, {"model": "lab.analysetype", "pk": 54, "fields": {"category": 6, "method": 6, "name": "HPV DNA GENOT\u0130P", "code": null, "price": "0.00", "process_time": 20, "sample_type": [3, 10]}}, {"model": "lab.analysetype", "pk": 55, "fields": {"category": 3, "method": 3, "name": "inv(16) CBF/MYH11 FISH", "code": null, "price": "350.00", "process_time": 15, "sample_type": [4, 11]}}, {"model": "lab.analysetype", "pk": 56, "fields": {"category": 3, "method": 3, "name": "Prader-Willi/Angelman(SNPRN) Sendromu ", "code": null, "price": "0.00", "process_time": 15, "sample_type": [5, 8, 1, 9, 6]}}, {"model": "lab.analysetype", "pk": 57, "fields": {"category": 5, "method": 5, "name": "A\u0130LESEL AKDEN\u0130Z ATE\u015e\u0130(FMF) D\u0130Z\u0130", "code": null, "price": "500.00", "process_time": 30, "sample_type": [6]}}, {"model": "lab.analysetype", "pk": 58, "fields": {"category": 3, "method": 3, "name": "BCR/ABL t(9;22) FISH", "code": null, "price": "350.00", "process_time": 15, "sample_type": [4, 11]}}, {"model": "lab.analysetype", "pk": 59, "fields": {"category": 4, "method": 4, "name": "MTHFR (A1298C) MUTASYONU", "code": null, "price": "120.00", "process_time": 15, "sample_type": [6]}}, {"model": "lab.analysetype", "pk": 60, "fields": {"category": 4, "method": 4, "name": "JAK2 MUTASYON", "code": null, "price": "330.00", "process_time": 15, "sample_type": [6]}}, {"model": "lab.analysetype", "pk": 61, "fields": {"category": 7, "method": 7, "name": "B-Fibrinojen,PAI1,HPA1,MTHFR 677,MTHFR 1298,", "code": null, "price": "700.00", "process_time": 20, "sample_type": [6]}}, {"model": "lab.analysetype", "pk": 62, "fields": {"category": 5, "method": 5, "name": "AKONDROPLAZ\u0130-FGFR3 G1138A ve G1138C mutasyonlar\u0131", "code": null, "price": "550.00", "process_time": 20, "sample_type": [5]}}, {"model": "lab.analyse", "pk": 1, "fields": {"type": 22, "admission": 1, "timestamp": "2016-09-23T20:56:05.774Z"}}, {"model": "lab.analyse", "pk": 2, "fields": {"type": 23, "admission": 1, "timestamp": "2016-09-23T20:56:05.775Z"}}, {"model": "lab.analyse", "pk": 3, "fields": {"type": 4, "admission": 1, "timestamp": "2016-09-23T20:56:05.775Z"}}]